,Subreddit,Title,Flair,Post Text,Post URL,Comments
0,wallstreetbets,Meandering rant on banks and VR,Discussion,"As time approaches infinity every bank will eventually fold due to common negligence creeping in or a black swan event but the ones with a good strategy are of course much more likely to survive.

The system can absorb one stupid bank folding if it made particularly UNIQUELY bad choices, but if the problem is uncovered to be systematic and pervasive across the banking system like in 2008 trust will collapse fast and shit is really gonna hit the fan.

I'm ambivalent about the bailout. Oops did I say bailout I meant bailout of course. Even less accountability now. Bankers need to be held accountable somehow or we need to regulate the fuck out of the banking system, otherwise they will just always want to hit the gas pedal to line their pockets with bonuses and if the drunken drive speedrace hits a wall well I guess fuck the rest of us coz they always got an ejection seat.

Also I'm not against the bailout, it was probably the right call I just hate that it had to be done. But some people need to be blindfolded and put against the wall for this. Figuratively of course. Not fines, I'm taking fucking prison. Not long, just enough to to be humiliated and long enough to meditate on the stupidity of putting all your eggs in one basket labeled ""tech start-ups hanging on the teat of benevolent investors"".

Also Zuckerfuck tanking the metaverse... Infinite fucking money to build a better version of a free program called VR chat and they somehow manage to strangle themselves in their onesie. Man VR is by far the coolest shit on this planet right now and investors are down and exhausted regarding VR because of meta and it really played a significant role in investors getting antsy with tech startups and not wanting to part with their money because ""if even big boy galaxy brain Zuckerberg can't make it work"" then who could? I guess the two neckbeards who did VR chat could have pulled it off for give or take 30 million.",https://www.reddit.com/r/wallstreetbets/comments/11uawh1/meandering_rant_on_banks_and_vr/,">I don't really have much to say about the bailout other than it was probably necessary. I do think that bankers need to be held accountable for their actions, but I'm not sure how that would work in practice. As for Zuckerfuck tanking the metaverse, I agree that it was a huge mistake and VR could have been so much cooler if he had just invested a little bit more money into it.;;First, if we jailed everyone for a move that looked good at the time, but went south due to circumstances beyond their control,  everyone on earth would be in prison.  It was a dumb move, not sinister or illegal.   Orchestrating a run on these banks is what caused the failure.  A realistic way of looking at it is you just bought a house with a mortgage and had 5k in credit card debt.  Under the current terms, you can pay everything off over time, just fine.  But then, someone decides to call your mortgage and credit card debt.  You can't pay, because you run on leverage. So you are now bankrupt. You didn't have to be.  You would have continued to pay on time as agreed.  But the small print said it was callable and you couldn't meet the call at that moment.  Given time, you could have arranged other financing, but they didn't give you time.  You are bankrupt, ruined.  Should they put you in jail?  This is the banking situation. It runs on leverage, as does most individuals and businesses in this country and most others.  The villains of this story are the large depositors that chose to run these banks but didn't need the money.  It's all leverage, Sparky.  Every business. Most homeowners. Most college students.  Most options traders.  All leverage. If all leverage was called before term at the same time, the whole world would collapse.;;I totally agree with your rant.;;It‚Äôs 3am over here for me I read this twice now and only understand some of ur rant but hey I agree ‚òùÔ∏è 

Fuck zuckerfuck I love VR;;What you have just said is one of the most insanely idiotic things I have ever heard. At no point in your rambling, incoherent response were you even close to anything that could be considered a rational thought. Everyone in this forum is now dumber for having listened to it. I award you no points, and may God have mercy on your soul.;;![img](emote|t5_2th52|12787);;Relax, the bankers will be punished the same way they were in 2008‚Ä¶.one guy will get a misdemeanor and everyone else will pay for it, just like stockholders of Freddy and Fannie Mae.;;in jamies diamond we trust"
1,wallstreetbets,Snap & Meta stock surges on report that Biden may ban TikTok,News,,https://www.cnbc.com/2023/03/15/snap-meta-stocks-rise-on-report-that-biden-may-ban-tiktok.html,"$SNAP rip incoming;;Ya tiktok ain‚Äôt going anywhere and if it did I wouldn‚Äôt be flocking to meta;;Tiktok is evil, but which political party is going to be the adult in the room and say no?;;Great. I'm still -20% from my cost basis.;;I‚Äôm pro TikTok ban just because it‚Äôll piss of a bunch of worthless ‚Äúinfluencers‚Äù and ‚Äúcontent creators‚Äù

Anything that‚Äôll annoy China is just kind of a bonus;;TikTok data is held in USA and Singapore and the guardian / gatekeeper of the data is controlled by a US company called Oracle inc. 

Yup TikTok and all social apps like FB & Snap are all Evil as hell. Mind rot.;;TIL SNAP still exists;;If they banned tictok, I'd be soooo happy...;;Fuck China and TikTok!!!!   China wants the USA!   Must READ  ‚ÄúUNRESTRICTED WARFARE ‚Äú;;SNAP to 11 would be a gift... to short;;The check must have cleared, now it looks like Biden won't be banning TikTok or forcing a sale.;;Wow great chance to buy puts on meta;;Yea uh they‚Äôre all diseases;;Any ideas on vpns that are public?;;![img](emote|t5_2th52|29637);;This is it this time;;Sounds like someone should be programming VINE to come back;;Tik tok is eating their lunch lol. That‚Äôs the only reason there lobbying to bad it with ‚Äúnational security‚Äù bullshit"
2,wallstreetbets,"Top changes to open interest calls and puts ((Wednesday, Mar. 15)",DD," Top gains in open interest call options 

1. $BAC: 172,931
2. $AAPL: 110,668
3. $TSLA: 77,911
4. $NVDA: 59,719
5. $SCHW: 56,644

Top gains in open interest put options for 

1. $BAC: 69,258
2. $SCHW: 66,749
3. $NVDA: 66,496
4. $META: 65,998
5. $TSLA: 59,540

Top percentage increase open interest calls 

1. $FITB: 28%
2. $SMCI: 26%
3. $KEY: 26%
4. $ASO: 19%
5. $FHN: 19%

Top percentage increase open interest puts 

1. $CHRW: 41.4%
2. $ALK: 29%
3. $FITB: 28.6%
4. $BXP: 25.9%
5. $KEY: 21.9%

[Source](https://optionmeasure.com/)",https://www.reddit.com/r/wallstreetbets/comments/11s9rhp/top_changes_to_open_interest_calls_and_puts/,"hedging 170k call options with 70k put options on bank run risk is peak degeneracy;;>These are some interesting data points. It seems that options traders are bullish on Bank of America, Apple, Tesla, and Nvidia. They are bearish on Schwab and MetaQuotes Software."
3,wallstreetbets,Meta's 'Mega' Bullish Megaphone,Chart,,https://www.reddit.com/gallery/11s80ta,"gotta give you A for effort, first time hearing this megaphone shit;;https://www.cnbc.com/2023/03/14/club-meeting-recap-cramer-says-meta-is-becoming-my-favorite-stock-.html

Cramer says Meta is his favorite stock. Asks anyone that‚Äôs short Meta or Nvidia to send him an invite to your funeral‚Ä¶..lol;;Megaphone Top? üì£;;Megaphone Anthony Wiener rally confirmed;;If you draw enough lines on a chart you'll eventually be correct with one of them. You just won't be able to tell in advance.;;![img](emote|t5_2th52|18630);;all they have to do is announce layoffs once a week;;Phony;;Only if it bounces off your bottom line, otherwise it's a breakdown from an ascending channel...;;Mega-prone?;;It's not a megaphone, it's more like a dinosaur"
4,wallstreetbets,"Jim Cramer Emo Remix - I made a mistake (SVB, Signature Bank & Meta Apology) - Lil Bubble",Meme,,https://v.redd.it/ddnvgvwzyvna1,"I‚Äôm shorting music;;Why is Jim Cramer even allowed on the air. He just routinely provides a giant disservice to society with his dumb antics;;Jim Cramer is allowed on the air in part because the middle class or others (without the foundation of fundamental financial skills) consistently seek out objective, high quality, high entertainment financial advice...for free - his show consistently delivers on all of those fronts except for the small part its Cramer's own opinion not advice from a fiduciary. 

And that is the recurring loop - investors seek free 'advice', what they receive is a non-objective opinion, investors lose money and then these same investors go out seeking free advice again with even less trust than they had before.;;Sad trap is not emo;;Louie CK should make a comedy about this man‚Äôs life;;Anyone who watched CNBC after that Andrew Sorkin gremlin got on the air at 6am and said he just got off the phone with the CEO of Melvin Capital and said they exited their short position and that the squeeze was over is a clown. 

CNBC is the propaganda network of the ultra rich.;;This isn‚Äôt emo is it;;How do we short emo?;;please make a video showing cramer saying he was scared for nvidia in september last year, and as of yesterday he says if you are short nvidia he wants some tickets to your funeral;;This guy is a genius. Buying long dated puts will always make money. All he is referring to is to buy puts on the stocks.;;SEC need to shut him and this show down. Might happen if more banks collapse;;*holds zippo lighter up in the air*;;How many times has this guy done this? It's just a cliche now.;;Banger;;Lil bubbl√©;;It's art;;I held all my inverse Cramer ETFs through an SVB hedged fund. I tried to call my offshore advisor at Credit Suisse but was redirected to this video. It's all so confusing.;;Damn that shit was lit;;Are there CD's of this I can buy ?

Want to put this on repeat for my neighbors.

We need an encore performance of this shit.;;This is actually üî•;;I like the spaceman on the MPC controller, Lol;;Love the song! Once in a generation (history on repeat and speeding up) crisis every couple years deserves a soundtrack like this.;;Love this edit!;;![img](emote|t5_2th52|4271);;the fade god;;![img](emote|t5_2th52|4641);;That guitar riff has some Tool energy going.;;Jesus Christ, I‚Äôm in the red again 

So what did you do those three days growth went dead 

Cause this problems gonna last 

More than a weekend;;Anthem for the coming month.;;Ay.. J.C. is crazy yo;;Looking for good news, how‚Äôs that inverse Cramer ETF doing?;;Ironically, META is almost up 100% from when Jimbo said that he was wrong about the company ![img](emote|t5_2th52|4271)![img](emote|t5_2th52|4271)![img](emote|t5_2th52|4271);;Basil Fawlty - I'm so sorry I made a mistake:

[https://youtu.be/aNXjvXtOguo](https://youtu.be/aNXjvXtOguo);;Cramer out here just getting flat out roasted now, how long can CNBC keep paying this imbecile;;This is good I love sad trap music;;i just found out today there is now an inverse cramer ETF lol;;Jim Cramer is the type of guy who would drink wine from a mug.;;~~Cocaine bear~~ Cocaine cramer;;The legendary Cramer ü§° who doesn‚Äôt give a üí©;;Typical MSNBC hack;;Hasn't he made like a SHIT TON of mistakes? And people still listen to him?;;Clown show;;A bank that is ‚Äúbusiness oriented‚Äù lmao"
5,wallstreetbets,META Leaps @ $90 +600% Update + TA,Gain,,https://www.reddit.com/gallery/11re14s,"https://preview.redd.it/yb80110fjsna1.jpeg?width=498&format=pjpg&auto=webp&v=enabled&s=5ba7545a9e9cc3a0ccdf2e93d83a9072efb5c052

*this is WSB*;;Not enough crayons on this chart, add some more;;How ‚Ä¶ when will it be mine turn to actually make money from a fucking leap lol.;;Thats insane;;That graph is the #1 cause of strokes in WSB users;;TA on point OP;;Jesus look at your chart...are you for real or what?

Are you missing the feeling of being on LSD?;;Hey, if you haven't already, please reply to this comment with your positions and what led you to enter or exit them!

*I am a bot, and this action was performed automatically. Please [contact the moderators of this subreddit](/message/compose/?to=/r/wallstreetbets) if you have any questions or concerns.*;;How can you read that chart in any fashion;;You're welcome for all my scrolling on Instagram <3;;Holy balls Batman;;I know that you know what you are talking about because you drew over a chart.;;u will lose it all!;;I would get eye cancer just by looking at this chart for 15 mins"
6,wallstreetbets,"Funny, $META is rapidly becoming my favorite short. Earnings Thursday.",Meme,,https://i.redd.it/9nb1j04rnqna1.jpg,"This guy is such a dumb ass;;I think you got the wrong meta;;how he is allowed to give advice is beyond me;;Maybe I'm bad at reading but their earnings isn't until April 26...;;It was only a few months ago when Cramer was crying on air apologizing for recommending this stock in the first place!;;Meta is up like 100% from its recent low... bullish here is sus af.;;Just announced 10k layoffs too ![img](emote|t5_2th52|4271);;Post your short position or gtfo pussy;;Broken clocks are right twice a day. 

He's correct,  Metas stock price will likely rise precipitously for the next few years.

Meta had switched to a debt based company that will continue to repurchase shares,  and aquire the odd tech company.  

If you don't understand the value of share repurchased I'd recommend you look up Henry Singleton and teledyne.;;This means then that Meta is soon bankrupt? Good.;;Wen is ER? I think that is wrong. 

Then again its Cramer. 

SJIM 4 Life;;Fml this fuckin guy;;I am starting to wonder if they pay him for false predictions lol;;He can‚Äôt wait to cry on camera;;Yeah maybe if they had more investors the whole Metaverse thing would suddenly take off. All the project is missing is money.;;What does it mean when a company announces mass layoffs two days before earnings? After the stock had doubled in price over the previous quarter? Bullish, right? Facebook up 7% on the layoff announcement.;;Sell sell sell;;It wasn't that long ago that Meta made Cramer cry on TV.  Or maybe that was just hitting the big low that comes after coming off a coke bender.;;Rapid fire! Cramer cashing out. Must suspect his game's days are numbered.;;meta puts??;;Oh boy!;;Lizard man is on the rise **üëÄ**;;They just need to fire 300k more people for the stock to reach Valhalla;;Fb and insta are losing users daily. Both are past their prime. What else does meta have?;;I personally would not be short and try to cut my losses. Technical setup looks great, bank failures are going to give more pause to rate hikes which is bullish for tech. Their earnings are not Thursday.;;# SJIM

&#x200B;

gimmie my slimjim;;The same Meta that just announced to fire more people again?

And what happened to the Metaverse? It‚Äôs kinda quite all of a sudden.;;Wasn't he crying over Meta?;;I think you're wrong on this one. I'll buy some shares and calls;;Why the fuck would it rapidly become your favorite stock when it doubles in price.... it should have been rapidly becoming his favorite stock when it was dropping;;LMAO it's up 10% since you posted this"
7,wallstreetbets,$META Calls Printing Baby,Gain,,https://www.reddit.com/gallery/11raea3,"My meta calls I got Nov last year when it was $90 is up 600% rn;;I‚Äôm long on META Zuckerberg seems to have been preparing for shit storm economy better than competitors.;;Meta been ripping no stop;;Meta is complete and utter dogsh1t. ‚ÄòBut Zuck is such a genius!!!‚Äô Let‚Äôs all celebrate more firings and stock buybacks‚Ä¶ Real solid company.;;Hey, if you haven't already, please reply to this comment with your positions and what led you to enter or exit them!

*I am a bot, and this action was performed automatically. Please [contact the moderators of this subreddit](/message/compose/?to=/r/wallstreetbets) if you have any questions or concerns.*;;Pull your orig, let the rest ride into ER"
8,wallstreetbets,"Facebook parent company Meta confirms 10,000 layoffs in coming months",News,,https://www.dailymail.co.uk/news/article-11858429/Facebook-parent-company-Meta-confirms-10-000-layoffs-coming-months.html,"![img](emote|t5_2th52|4263);;Mark Cuckerberg;;Bullish;;i wish the best to those 10000 employees and their families. hope they go off to much better things;;More Green Day‚Äôs for META coming.;;I'm sure they'll keep Riley Rojas and her fellow useless ""23 year old 'product managers'"" though.;;wtf is wrong with Cuckerberg‚Äôs face?;;Ohh no, well anyways back to the real economy;;Is it that bad he sent 10,000 souls free from this complete loser?;;How does this company have *another* 10,000 redundant people? It takes like 7 people to run a website.

Most bullish thing I've ever seen in my life.;;Makes sense. They have way too many employees.;;![img](emote|t5_2th52|4271)![img](emote|t5_2th52|4641)![img](emote|t5_2th52|29093);;Have you meta the bureaucrats at the local unemployment office bcuz y'all dorks is bout to.  

Yours truly,

Zuck;;‚ÄúFire 1,000,000‚Äù;;Why is technology companies letting people go, are they doing bad? Don't understand what's changed? Everyone is still using the same apps and services?;;Can‚Äôt wait for all the crying tik toks about this üòÇüòÇ;;What happened to his face‚Ä¶book?;;Shit üî•üî•üî•;;I hope all social media companies go bankrupt;;Politicians would go crazy over news like this if it was around election season.;;That prolly saves them 50-100 mill in payroll per month. It makes sense. Facebook is already fully built.;;Good;;The coal mines are hiring;;[Riley Rojas will keep her job - because she tries to look cute every day.](https://www.reddit.com/r/wallstreetbets/comments/yf1fhe/for_those_wondering_why_meta_would_tank/);;These Uber corps were just stringing along these years for everything to be in place wait for the wealth to accumulate after all these elonish layoffs;;Go Woke, Go Broke. Puts on the Metaverse;;for meta emplyee or facebok employe;;Where‚Äôs the one political sides outrage?;;Zuck does not take full responsibility this time. ![img](emote|t5_2th52|4271);;bump for those share holders!;;why does he always look constipated and what not. like, doesn't he have someone shop for him and do his hair and shit? so punchable, but rich people are normally good looking;;One of them punched him.;;Lucky 10,000 people;;oof love or hate em I really did appreciate their investment in VR.  We wouldn't be where we are today without them just wish they didn't need to steal my...;;META +8% today;;Please put Zuc on the list üôè;;F\*ck your puts, and f\*ck those tax-loss harvesters. ![img](emote|t5_2th52|29093);;My second job is at Meta. I doubt I'll be getting fired, but I am very concerned by the possibility of spending cut-backs causing to them to stop stocking the kitchen with expensive snacks anymore üò¢;;![img](emote|t5_2th52|4275);;Is the red wound on his nose from wearing the oculus all the time?;;Ya hate to see it;;oooooooooooooooooohhhhhhhhhhh shit"
9,wallstreetbets,Stock Market today 3/13/23,Chart,,https://i.redd.it/mnyqkk45fmna1.jpg,"Not great, not terrible.;;I like it when it's all red;;Literally pumping tech to hide what‚Äôs coming.;;Where can I find that chart?;;https://preview.redd.it/kaztd88otmna1.jpeg?width=1076&format=pjpg&auto=webp&v=enabled&s=6b8aa7644bfe9f64206172dfcda99c743145a32e;;Woah, been a while since I've seen that much green;;Why don't you sell $NVDA ?"
10,stocks,Negative impact of generative AI on social media stocks like meta?,," I‚Äôm curious about your opinions on how generative AI will affect social media companies in the future. Generative AI is the technology that can create realistic images, videos, text, and audio based on some input or prompt. For example, you may have seen some websites that can generate fake faces or celebrities that look very convincing. In the near future, we may have entire fake influencers posting images and videos of themselves doing things when they don't even exist.

My question is: do you think generative AI will have a negative impact on social media stocks, because with so much AI generated content on the Internet, on platforms like Instagram people won‚Äôt even know what‚Äôs real and what‚Äôs fake and they will stop using it altogether? Or do you think people will still enjoy social media regardless of the authenticity of the content? Or maybe generative AI will create new opportunities for social media platforms to engage their users?

I‚Äôm interested in hearing your thoughts and arguments on this topic.",https://www.reddit.com/r/stocks/comments/11v8ik7/negative_impact_of_generative_ai_on_social_media/,"Honestly?  I think we are nearing the downfall of social media apps.  It‚Äôs all becoming fake and wayyyy too over saturated.  We are seeing the algorithms blatantly forcing our attention, whereas before, we knew they were there but didn‚Äôt notice too much.

Hell, my twitter feed is now filled with political or AI newsletters/threads from people I don‚Äôt even know.  Facebook is filled with misinformation.  Instagram is filled with influencers and fake AI crap.  TikTok is being investigated for potential foreign spying.  Content is exploding like never before, and it‚Äôs all fake skill-less smeary nonsense that doesn‚Äôt mean anything.  Fake influencers, fake artwork, fake voices, fake photos, fake everything.  Why should we care about it anymore?

You‚Äôre right to wonder where this is all leading.  It‚Äôs like how NFTs just completely over saturated themselves and fizzled out.  Now we are seeing that with social media in general.  And quite frankly, that‚Äôs probably a good thing.  We could all use some time away from these attention hungry corporations.  

Huh.. I really went off there.  Maybe I‚Äôm the only one who feels this way lately, but I‚Äôm probably not.;;It‚Äôs already fake, I don‚Äôt see it being faker an issue;;Honestly with AI chat bots, I expect OnlyFans models to be able to leverage more of their asses since they‚Äôll have more time instead of responding to their fans and the chat bot will give the fans more meaningful conversations than the bored models will. 

This will cause an increase in revenue for OnlyFans. Bullish Onlyfans IPO.;;If you don't think this has been the internet landscape of things for the last 10 years you haven't been paying attention. I can tell you the outcomes of these systems because we are living it.. it blows. Ai and hft need to be banned.;;Huge negative impact,  just like motion pictures died after they started using special FX and CGI.  Too much of it was fake, and now nobody watches movies or television anymore.;;Social media are about communication, not content - they sell human contact. Facebook will just have to ensure there is some real human behind the content (whether it's generated by AI is irrelevant). They have the tools to do that

Google will have to worry, because the net will be filled with  good auto-generated content to the point where their ranking won't make sense anymore.;;They‚Äôll generate fake users. 

You know, just like: Russia, China, N. Korea, cyber-criminals, and Ashley Madison."
11,stocks,AliBaba (BABA) valuation,Advice,"Pretty new to investing, I have a small portfolio of \~25k with Ford, DLTR, Google, Meta, VOO, and about 15% of BABA.

I got BABA around 90$ in December, with my thinking that they are consistently having strong earnings, have a large market and room for growth. Although I understand these are somewhat shallow reasons for buying a stock, I expected that my ideas would make sense.

Recently, they posted earnings, which were very strong and beat expectations. Naturally I thought that the stock would at least gain a few points, but despite their strong earnings and little news about the company, it's been tanking day after day.

How does a stock like this get evaluated? Is this just due to the volatility of the Chinese market or am I missing something bad about this company?",https://www.reddit.com/r/stocks/comments/11uawl4/alibaba_baba_valuation/,"I'd avoid Chinese stocks, Economic cold war between US and China will only get worse

As for Alibaba, the stock topped out on Oct 2020, the very same day of Jack Ma's speech criticizing the Chinese State banks, the stock has been on a downtrend ever since;;You'll get a lot of responses about what's wrong with the company, mostly pointing to China risk. I think it's more sentiment with BABA, plus if you look at their margins, the effects of competition are apparent. There are a few Chinese stocks that if you bought in November would be up 75-100%. So it's both company selection, company specific sentiment as well as finding the oversold point. And a stomach for volatility is necessary. 

It's just a hated stock. If you can't hold it for 3-5 years without looking at daily charts, don't hold it.;;I don‚Äôt invest in Chinese companies. Nothing against the company, entirely because I can never be too certain about the government.;;Alibaba is a good product, but not necessarily a good stock;;Once big money takes care of the problems at home they will be all over these great deals again. Rn is just the chance for the intelligent investor to have a chance at owning undervalued companies.;;The big issues with BABA is that it is a variable interest entity or VIE. listed in the Cayman Island  that means shareholders are technically owners of shell companies rather than the Chinese enterprises that they they think they are buying.

Professor Damoradan gave a [good overview on China Tech crackdown](https://aswathdamodaran.blogspot.com/2021/09/chinas-tech-crackdown-market-adjustment.html) last year that may help you understand.  There is a video at the end if you prefer that format.

I personally own a couple hundred shares as I think eyeballs will win in the long-run.

Good Luck.;;Baba is very undervalued. 

But has negative sentiment because it's an ADR of a Chinese stock.

It was rumoured to be moving out of China which combined with some big buyers gave it it's last run up to more fair value but then they debunked that and it's where it is now. 

Forward PE 9.26. It's worth double it's current value and even the lowest of analyst estimates have it above it's current share price. But it's sentiment isnt driven by finances alone.;;as long as china supporting russian war, the stock is not going to go up.;;I dont trust Chinese numbers.;;Wait nobody gonna ask why the fuck u have DLTR?;;What happened to Jack Ma?;;Highly speculative. I think there is another baba stock traded in HK, Communist China.

Some of the earlier investors were close associates of Jiang Zemin's relatives. They struck it rich and some invested in Tencent and Titok.  There are now many eCommerce stocks issued from PRC competing with this old company. Baba laid off 19,000 employees in 2022 with 4,000 at year end. The worst is not over yet.;;Two reasons:
1. China. Supporting russia while having housing debt crisis while strangling tech while doing stupid zero covid for way too long
2. Biden hates chinese guts. Its clear he wants to crush them no matter the cost. Look at biden admin actions before russia war - new sanctions almost daily. Taiwan and uyghurs were theme du jour at every biden press conference. The man wanted his war.;;I lost my pants with BABA. Been selling puts and keep getting assigned. 

The world is preparing for WW3 between US and China. I‚Äôm kind of dumping money in the naive hope it won‚Äôt happen and the knowledge it doesn‚Äôt matter where your money is if we decide to go to war. Europe is treating China very differently. But now they have to be friends with Biden because of Russia so they‚Äôre following a bit more. But the main difference is that Europe understands you don‚Äôt need to be #1 to live a #1 lifestyle. Americans have been on top for so long they fear China to an irrational level. So war is what we‚Äôre going to get. 

Too many old people with nothing to lose on all sides.;;A war with China means inflation, and default on higher rates. The debts not sustainable.;;Baba is owned by China, I don't trust management. They can go ham or tits up on a whim.;;This company is under pressure from both CCP and the US government, two most powerful entities in the world. Good luck with that!;;Where are these ‚Äústrong‚Äù earnings reports? 

Isn‚Äôt their core biz flattening or losing to competitors, ie the online commerce? 

Plus it‚Äôs a huge target to CCP to slap it. Hard to justify a DCF when the governing party are dictating the leaders at major companies and where they can deploy capital.;;There are multiple risks investing in BABA (Chinese stock)

First and the most important is the Chinese government who has a significant influence on the country's economy and financial markets. Changes in government policies, regulations, and restrictions can have a significant impact on BABA.

Also there is some concerns that some Chinese companies have been accused of fraudulent accounting practices, such as not reporting all of their revenues or inflating their profits. This can lead to significant losses for investors if the company's true financial position is not accurately reflected in its stock price.

No need to talk about Geopolitical risks and China's relationships with the United States‚Ä¶ 

I will stay away from Chinese stocks for now."
12,stocks,"safe haven The stock market is red-eyed. At present, it is not only bank stocks but also energy stocks that are killing.",,"Market commentary has pointed out that last year's big tech stocks are now safe havens. The five elephant stocks then bucked the trend and rose:

GOOGL 2.28%

META 1.92%

MSFT 1.78%

AMZN 1.39%

AAPL 0.26%

The auto industry is currently in a recession, and TSLA will be affected, so it has been a little weak recently.

Chip design duo AMD and NVDA have not been dragged down by semiconductors and bucked the trend today. INTC came back from failure, rising 9.35% in the first five trading days.

One strategy is to only buy stocks that have risen sharply rather than stocks that have fallen sharply, because from the lessons of last year, we can understand that thunderstorms have no bottom. Even META TSLA has experienced a collapse of more than 70% from its high point. On the contrary, if the big rising stocks are still 30% to 40% off from the historical high, and the p/e is very low, they are still very cheap.",https://www.reddit.com/r/stocks/comments/11t3eke/safe_haven_the_stock_market_is_redeyed_at_present/,"Buy SPY and chill.;;I personally hate META. Love the others though (especially AAPL);;I'm overweight healthcare and staples as I think things are going to get worse - I see them as a safe haven. If they lose value I'll just keep DCA'ing as I'm confident in the companies I'm invested in. I am holding two tech stocks that have done really well recently too (AVGO and MSFT)..;;I'm a fan of MGK ETF. I looked at their holdings and those are the companies I think are very prestigious and cutting edge. It's large cap growth companies and they're up 10% YTD but still down 25% from ath.;;Financials,energy,europe short.Tech,healthcare,defensive hold.Treasuries,gold,crypto long.I made this and am quite happy so far"
13,stocks,(3/16) Thursday's Pre-Market Stock Movers & News,,"#Good morning traders and investors of the r/stocks sub! Welcome to the new trading day and a fresh start! Here are your pre-market stock movers & news on this Thursday, March the 16th, 2023-

*****

# [Dow futures slip, regional bank shares drop: Live updates](https://www.cnbc.com/2023/03/15/stock-market-today-live-updates.html)

*****
> Futures tied to the Dow Jones Industrial Average fell Thursday as regional banks slid once again on growing fears of a crisis in banking within the U.S. and Europe.
*****
> Futures tied to the 30-stock index were down 94 points, or 0.3%. S&P 500 futures were down 0.2%, while Nasdaq-100 futures traded up 0.3%.
*****
> Credit Suisse announced overnight it will borrow up to nearly $54 billion from the Swiss National Bank to assure short-term liquidity. That offered some relief to the embattled bank in extended hours after it fell to a record low Wednesday following reports that the Saudi National Bank, Credit Suisse‚Äôs largest investor, said it would not provide additional assistance. U.S.-listed shares gained 5% in extended trading after falling just under 14% in the prior session.
*****
> But the news was not enough to quell fears on Wall Street of an impending crisis, leading regional banks to take another leg down in Thursday‚Äôs premarket. The SPDR S&P Regional Banking ETF (KRE) slid 2.6% in extended trading, led down by a more than 26% drop in First Republic Bank.
*****
> ‚ÄúWhat‚Äôs also similar to ‚Äô08 is the hunting in the market for who‚Äôs the most weak next,‚Äù said Greg Fleming, CEO of Rockefeller Capital Management and former president of Morgan Stanley Wealth Management, on CNBC‚Äôs ‚ÄúSquawk Box.‚Äù ‚ÄúAnd the proxy‚Äôs been uninsured deposits.‚Äù
*****
> Growing concern over Credit Suisse sent other European banking stocks lower and reverberated in U.S. markets beginning Wednesday. The Dow at one point Wednesday fell 725 points before ending the day down by 280.83 points, or 0.87% lower. The S&P 500 dropped 0.7%.
*****
> ‚ÄúIt‚Äôs no doubt changing the landscape of how we as investors look at the investability of financial institutions that fit in the banking sector,‚Äù said Keith Buchanan, portfolio manager at Globalt Investments. ‚ÄúIt also makes us ponder just how the sector would navigate with, in the future, more forms of regulatory pressure on these corporations.‚Äù
*****
> Traders will keep an eye out for key economic data, including the latest jobless claims report. Housing starts data from the U.S. Census Bureau is also out at 8:30 a.m. ET.

*****

#STOCK FUTURES CURRENTLY:
######(**[CLICK HERE FOR STOCK FUTURES CHARTS!](https://finviz.com/futures.ashx)**)

*****

#YESTERDAY'S MARKET MAP:
######(**[CLICK HERE FOR YESTERDAY'S MARKET MAP!](https://i.imgur.com/otq225T.png)**)

*****

#TODAY'S MARKET MAP:
######(**[CLICK HERE FOR TODAY'S MARKET MAP!](https://finviz.com/map.ashx?t=sec_all)**)

*****

#YESTERDAY'S S&P SECTORS:
######(**[CLICK HERE FOR YESTERDAY'S S&P SECTORS CHART!](https://i.imgur.com/wj9cltT.png)**)

*****

#TODAY'S S&P SECTORS:
######(**[CLICK HERE FOR TODAY'S S&P SECTORS CHART!](https://finviz.com/groups.ashx)**)

*****

#TODAY'S ECONOMIC CALENDAR:
######(**[CLICK HERE FOR TODAY'S ECONOMIC CALENDAR!](https://i.imgur.com/gxHPg9V.png)**)

*****

#THIS WEEK'S ECONOMIC CALENDAR:
######(**[CLICK HERE FOR THIS WEEK'S ECONOMIC CALENDAR!](https://i.imgur.com/txxF4eq.png)**)

*****

#THIS WEEK'S UPCOMING IPO'S:
######(**[CLICK HERE FOR THIS WEEK'S UPCOMING IPO'S!](https://i.imgur.com/xiJjp5E.png)**)

*****

#THIS WEEK'S EARNINGS CALENDAR:
######(**[CLICK HERE FOR THIS WEEK'S EARNINGS CALENDAR!](https://i.imgur.com/SOUr2ML.png)**)

*****

#THIS MORNING'S PRE-MARKET EARNINGS CALENDAR:
######(**[CLICK HERE FOR THIS MORNING'S EARNINGS CALENDAR!](https://i.imgur.com/ngot0bg.jpg)**)

*****

#EARNINGS RELEASES BEFORE THE OPEN TODAY:
######(**[CLICK HERE FOR THIS MORNING'S EARNINGS RELEASES!](https://i.imgur.com/K1UW6ga.png)**)

*****

#EARNINGS RELEASES AFTER THE CLOSE TODAY:
######(**[CLICK HERE FOR THIS AFTERNOON'S EARNINGS RELEASES!](https://i.imgur.com/HSANteQ.png)**)

*****

#YESTERDAY'S ANALYST UPGRADES/DOWNGRADES:
######(**[CLICK HERE FOR YESTERDAY'S ANALYST UPGRADES/DOWNGRADES LINK #1!](https://i.imgur.com/twCfiKd.png)**)
######(**[CLICK HERE FOR YESTERDAY'S ANALYST UPGRADES/DOWNGRADES LINK #2!](https://i.imgur.com/hDntEpF.png)**)

*****

#YESTERDAY'S INSIDER TRADING FILINGS:
######(**[CLICK HERE FOR YESTERDAY'S INSIDER TRADING FILINGS!](https://i.imgur.com/cAhC8a4.png)**)

*****

#TODAY'S DIVIDEND CALENDAR:
######(**[CLICK HERE FOR TODAY'S DIVIDEND CALENDAR!]()**)
(N/A.)

*****

#THIS MORNING'S STOCK NEWS MOVERS:

######(**source: [cnbc.com](https://www.cnbc.com/2023/03/16/stocks-making-the-biggest-premarket-moves-.html)**)

*****

> **Credit Suisse** ‚Äî U.S.-listed shares of Credit Suisse gained nearly 6% after the Swiss bank said it will borrow up to 50 billion Swiss francs ($54 billion) from the Swiss National Bank. The stock tumbled 13.9% on Wednesday after its largest investors said it couldn‚Äôt provide any more funding.

> #**STOCK SYMBOL:** CS

> * [CLICK HERE FOR CHART!](http://elite.finviz.com/chart.ashx?t=CS&ty=c&ta=st_c,sch_200p,sma_50,sma_200,sma_20,sma_100,bb_20_2,rsi_b_14,macd_b_12_26_9,stofu_b_14_3_3&p=d&s=l)

> ######(**[CLICK HERE FOR LIVE STOCK QUOTE!](http://data.cnbc.com/quotes/CS)**)

*****

> **Snap, Meta** ‚Äî Snap rallied 6%, while Meta rose 1.5% following a Wall Street Journal report that the Biden administration said competitor TikTok could be banned unless it is sold by its Chinese owner, ByteDance. A separate report by Bloomberg said TikTok is considering splitting from ByteDance if a deal with the U.S. fails.

> #**STOCK SYMBOL:** SNAP

> * [CLICK HERE FOR CHART!](http://elite.finviz.com/chart.ashx?t=SNAP&ty=c&ta=st_c,sch_200p,sma_50,sma_200,sma_20,sma_100,bb_20_2,rsi_b_14,macd_b_12_26_9,stofu_b_14_3_3&p=d&s=l)

> ######(**[CLICK HERE FOR LIVE STOCK QUOTE!](http://data.cnbc.com/quotes/SNAP)**)

*****

> **Regional banks** ‚Äî Regional banks continued their slide amid the fallout of Silicon Valley Bank‚Äôs failure. First Republic Bank tumbled nearly 28%, and Zions Bancorporation lost 3.6%. Comerica shed 1.6%.

> #**STOCK SYMBOL:** FRC

> * [CLICK HERE FOR CHART!](http://elite.finviz.com/chart.ashx?t=FRC&ty=c&ta=st_c,sch_200p,sma_50,sma_200,sma_20,sma_100,bb_20_2,rsi_b_14,macd_b_12_26_9,stofu_b_14_3_3&p=d&s=l)

> ######(**[CLICK HERE FOR LIVE STOCK QUOTE!](http://data.cnbc.com/quotes/FRC)**)

*****

> **Dollar General** ‚Äî The discount retailer sank 1.6% after its quarterly same-store sales missed Wall Street‚Äôs estimates. Same-store sales rose 5.7% in the fourth quarter, versus the 6% expected by analysts polled by Refinitiv.

> #**STOCK SYMBOL:** DG

> * [CLICK HERE FOR CHART!](http://elite.finviz.com/chart.ashx?t=DG&ty=c&ta=st_c,sch_200p,sma_50,sma_200,sma_20,sma_100,bb_20_2,rsi_b_14,macd_b_12_26_9,stofu_b_14_3_3&p=d&s=l)

> ######(**[CLICK HERE FOR LIVE STOCK QUOTE!](http://data.cnbc.com/quotes/DG)**)

*****

> **Adobe** ‚Äî Shares of the software giant rose 5.4% after the company lifted its profit forecast for fiscal 2023 and announced its quarterly results beat Wall Street estimates. It increased income and net new recurring revenue projections for its digital media business for the full year.

> #**STOCK SYMBOL:** ADBE

> * [CLICK HERE FOR CHART!](http://elite.finviz.com/chart.ashx?t=ADBE&ty=c&ta=st_c,sch_200p,sma_50,sma_200,sma_20,sma_100,bb_20_2,rsi_b_14,macd_b_12_26_9,stofu_b_14_3_3&p=d&s=l)

> ######(**[CLICK HERE FOR LIVE STOCK QUOTE!](http://data.cnbc.com/quotes/ADBE)**)

*****

> **Occidental Petroleum** ‚Äî Shares rose nearly 1% after Warren Buffett‚Äôs Berkshire Hathaway bought another 7.9 million shares, totaling $466.7 million.

> #**STOCK SYMBOL:** OXY

> * [CLICK HERE FOR CHART!](http://elite.finviz.com/chart.ashx?t=OXY&ty=c&ta=st_c,sch_200p,sma_50,sma_200,sma_20,sma_100,bb_20_2,rsi_b_14,macd_b_12_26_9,stofu_b_14_3_3&p=d&s=l)

> ######(**[CLICK HERE FOR LIVE STOCK QUOTE!](http://data.cnbc.com/quotes/OXY)**)

*****

> **UiPath** ‚Äî The automation software company surged nearly 16% after reporting fourth-quarter adjusted earnings per share of 15 cents, beating the StreetAccount estimate of 6 cents per share. Revenue came in at $308.5 million, well above the $278.6 million expect.

> #**STOCK SYMBOL:** PATH

> * [CLICK HERE FOR CHART!](http://elite.finviz.com/chart.ashx?t=PATH&ty=c&ta=st_c,sch_200p,sma_50,sma_200,sma_20,sma_100,bb_20_2,rsi_b_14,macd_b_12_26_9,stofu_b_14_3_3&p=d&s=l)

> ######(**[CLICK HERE FOR LIVE STOCK QUOTE!](http://data.cnbc.com/quotes/PATH)**)

*****

> **Baidu** ‚Äî U.S. listed shares of Baidu sank nearly 6% after the Chinese tech company unveiled its ChatGPT alternative, Ernie bot.

> #**STOCK SYMBOL:** BIDU

> * [CLICK HERE FOR CHART!](http://elite.finviz.com/chart.ashx?t=BIDU&ty=c&ta=st_c,sch_200p,sma_50,sma_200,sma_20,sma_100,bb_20_2,rsi_b_14,macd_b_12_26_9,stofu_b_14_3_3&p=d&s=l)

> ######(**[CLICK HERE FOR LIVE STOCK QUOTE!](http://data.cnbc.com/quotes/BIDU)**)

*****

> **PagerDuty** ‚Äî Shares rallied nearly 6% after the digital operations management platform‚Äôs earnings and revenue topped estimates for the fourth quarter. Adjusted earnings per share came in at 8 cents per share, versus the 2 cents expected, per Refinitiv. Revenue was $101 million, topping the $98.8 million expected.

> #**STOCK SYMBOL:** PD

> * [CLICK HERE FOR CHART!](http://elite.finviz.com/chart.ashx?t=PD&ty=c&ta=st_c,sch_200p,sma_50,sma_200,sma_20,sma_100,bb_20_2,rsi_b_14,macd_b_12_26_9,stofu_b_14_3_3&p=d&s=l)

> ######(**[CLICK HERE FOR LIVE STOCK QUOTE!](http://data.cnbc.com/quotes/PD)**)

*****

> **Five Below** ‚Äî The discount retailer shed more than 3% after it gave a muted outlook for the first quarter. However, Five Below‚Äôs revenue beat analysts‚Äô estimates, per Refinitiv, and earnings were in-line with expectations.

> #**STOCK SYMBOL:** FIVE

> * [CLICK HERE FOR CHART!](http://elite.finviz.com/chart.ashx?t=FIVE&ty=c&ta=st_c,sch_200p,sma_50,sma_200,sma_20,sma_100,bb_20_2,rsi_b_14,macd_b_12_26_9,stofu_b_14_3_3&p=d&s=l)

> ######(**[CLICK HERE FOR LIVE STOCK QUOTE!](http://data.cnbc.com/quotes/FIVE)**)

*****

> **Motorola** ‚Äî The telecommunications equipment company gained 1.8% following an upgrade by JPMorgan to overweight from neutral. The Wall Street firm said the stock has fallen to levels that are attractive.

> #**STOCK SYMBOL:** MSI

> * [CLICK HERE FOR CHART!](http://elite.finviz.com/chart.ashx?t=MSI&ty=c&ta=st_c,sch_200p,sma_50,sma_200,sma_20,sma_100,bb_20_2,rsi_b_14,macd_b_12_26_9,stofu_b_14_3_3&p=d&s=l)

> ######(**[CLICK HERE FOR LIVE STOCK QUOTE!](http://data.cnbc.com/quotes/MSI)**)

*****

#**FULL DISCLOSURE:**

> /u/bigbear0083 has no positions in any stocks mentioned. Reddit, moderators, and the author do not advise making investment decisions based on discussion in these posts. Analysis is not subject to validation and users take action at their own risk.

*****

#**DISCUSS!**

What's on everyone's radar for today's trading day ahead here at r/stocks?

*****

# **I hope you all have an excellent trading day ahead today on this Thursday, March 16th, 2023! :)**",https://www.reddit.com/r/stocks/comments/11ssz2f/316_thursdays_premarket_stock_movers_news/,Wild day
14,stocks,Snap stock surges on report that Biden may ban TikTok,Industry News,"KEY POINTS

>Snap shares surged nearly 8% to $11.15 while Meta shares rose a little over 3% to $203.49 after The Wall Street Journal reported that TikTok faces a possible ban in the U.S. if ByteDance fails to comply with the Biden Administration's proposition.

>Investors believe that if TikTok were to be banned in the U.S., social media companies like Snapchat and Meta would regain users lost to the short-form video platform.

>ByteDance said in a statement that ""If protecting national security is the objective, divestment doesn't solve the problem: a change in ownership would not impose any new restrictions on data flows or access.""

https://www.cnbc.com/2023/03/15/snap-meta-stocks-rise-on-report-that-biden-may-ban-tiktok.html",https://www.reddit.com/r/stocks/comments/11slkrd/snap_stock_surges_on_report_that_biden_may_ban/,"Makes sense that Meta would surge, I could definitely see people flocking to Instagram (especially their Reels section) as a TikTok replacement. As much as I don‚Äôt like TikTok I‚Äôd be shocked if they actually ban it since it‚Äôs been all talk and no action for the past years regarding a ban. 

But people who still believe in SNAP are out of touch with reality. I like to compare it to the modern day Kik, it‚Äôll always be an unprofitable failure that burns money. Anyone shilling for SNAP are definitely bag holders.;;[deleted];;Think this would also be huge for Google and also Meta.;;SNAP is such a dead company. Matter of time before bought out;;Damn yt shorts gonna pop off even more if it happens considering they have a great moentization agreement with creators;;Does anyone know how long have they been promised banning it?;;Lmao were calling dead cat bounces ‚Äúsurges‚Äù maddening;;Didn't this get stopped in the courts when Trump tried to get Bytedance to divest;;I wouldn't be going to snap if tiktok got banned....fuck snapchat and their bullshit ads every 5 seconds and mind games with the streaks and notifications and ""left on read"" bullshit.;; God I hate Snapchat. As a millennial who grew up with it in high school/uni when it was useful it‚Äôs so bad now. None of my friends use it except some young moms to most their kids.

I am even someone who likes those stupid videos they most about celeb gossip and shit hit holy fuck. There are unskippable ads every 10 seconds. And the videos are drawn out over like 10 minutes. Every few months I open it and fall for it again and close it in anger. Just pure greed in a crappy product 

There is my DD. It won‚Äôt replace TikTok and isn‚Äôt even the same world. Puts on SNAP;;I hope its true;;What‚Äôs the legitimacy on the ban? Because it‚Äôs China? What about all the Tencent Video Games?;;YouTube shorts can easily take over where tik tok left off.;;if you want to buy Snap, it better be because of the company fundamentals.  TikTok is ancillary, but a bonus if you are already considering buying.;;Closest I have seen to TikTok that isn‚Äôt TikTok is Google shorts.;;I don't know *anyone* who still uses Snapchat. Of any age. Or has for the past 2 or 3 years.

How the hell does this zombie company survive?;;Wait until it‚Äôs next warning report;;I'm just gonna leave a comment here saying that--I think we're better off as a society without TikTok dumbing down our population.;;SNAP insiders sure aren't bullish, despite this ""take."" Out of 129 insider transactions (SEC filings), that stretch back almost exactly 2 years, and the latest being March 2 this year. Not even one buy.;;Honestly rather than SNAP, I would like SPOT to make a Social Music Platform integrated within their app to replace TikTok globally.;;I sincerely hope that tiktok does not get banned in the US. That said my meta shares rose nicely today.;;I'm assuming this suggests the markets still consider this possibility pretty remote, otherwise I would expect Meta to increase MUCH more than 3% if TikTok is banned;;China will pay through lobbyists and prevent the ban.;;I lost 50% on this stock;;Ban this and ban that.  Just get it done and talk to me.  Aside from that is all fake news"
15,stocks,"Meta to lay off 10,000 more workers after initial cuts in November",,"https://www.cnbc.com/2023/03/14/meta-layoffs-10000-more-workers-to-be-cut-in-restructuring.html

Meta blog post: https://about.fb.com/news/2023/03/mark-zuckerberg-meta-year-of-efficiency/

Meta CEO Mark Zuckerberg said in a blog post on Tuesday that the company will lay off 10,000 employees as Meta continues to slim down and trim expenses in a challenging economy.

The new round of layoffs follow a previous round of cuts, announced in November, that affected over 11,000 workers, which equated to roughly 13% of Meta‚Äôs overall staff.",https://www.reddit.com/r/stocks/comments/11r62p6/meta_to_lay_off_10000_more_workers_after_initial/,"I've seen it time and time again where these companies have a staff of glorified Teams meeting organizers.  They literally do nothing but have Teams meetings all day.  These are the first made up positions that always get cut.;;If they can operate without 20 percent of their workforce, it means management made terrible hiring decisions and should own responsibility;;They are basically back to pre-pandemic level head count.  Those hired during the pandemic need to do other projects.;;Why are people angry at tech workers in this thread? Lmao dude, it's not their fault you're underpaid. 

Tech is legitimately the only industry that has kept up with inflation. Entry level workers are the only ones that can own houses. If tech goes under, the only people who can buy a house are the ones who have saved for 10 years.

Blame legislators, not tech workers.;;From business perspective it makes sense, ngl. But it's terrible nonetheless, i cannot explain why. Maybe because it's so sudden.;;Every time layoffs are announced from big tech the comments start blasting them for being irresponsible and such. The employees that are laid off get compensation and move on, it‚Äôs not an execution. They don‚Äôt owe the society antything, they are businesses and their sole existence is based on being profitable.;;Some perspective. From 2019 to 2022 the headcount at Meta grew at an 18% CAGR. From 44,942 employees to 86,482. These cuts will take them roughly to their pre-pandemic headcount in 2019.;;Considering how overpaid most of these people are the cost savings will be huge for Meta, really shows how egregious the margins are in this business as well;;""We're not laying off anymore employees ^(until we need to lay off more employees to goose the numbers for Wall Street.)"";;Similar cuts occur in other industries. Consumer goods, foods, beverages, manufacturing, etc. 

My ""good ol, All American"" company cut 8k and later moved IT HQ out of the country, but you would be lucky to find it in the news.

They just don't have the news focused on them like some of these groups.;;[deleted];;At this rate they're gonna be shuttering offices....;;Guess they are going to quit censoring ![gif](emote|free_emotes_pack|poop);;Makes sense. Think about what products and research that Meta works on. Does a company really need over 60K people to do what they're doing? and at the crazy salaries they're making?;;Pretty insane how many companies (tech) can function with 20% headcount reductions... Twitter/Meta/ton of unprofitable companies... Just tells you how much fat they have been carrying.;;So far every tech company has announced layoffs  except Apple. I wonder why this is?;;zuc doing his part to fix appease jpow;;Now do google;;When you don‚Äôt sell enough headsets in December, this is the consequence.;;All because of his wasteful metaverse.;;Still ~8,000 more employees than 12/31/19.;;Why did they hire so many people to start with.;;[deleted];;Be sure not to fire any of the yes men who told Mark Z that Meta was a good idea to begin with. Lol. Higher interest rates tend to weed out stupid ideas. This is what you are seeing now.;;I‚Äôm so glad I didn‚Äôt accept their offer last year.;;I was reading an interview with a fired googl engineer who was lamenting their financial woes after being laid off. This after collecting a six figure plus salary for over 5 years.

Serious question. Are tech bros really this awful at personal finance? After 5 years making that kind of money I would have a house and car completely paid off. And a healthy savings. Maybe not in silicon frikkin valley, but you could buy a house in Texas for cash. 

They really need to get these people personal finance coaches. Similar to what they do foe rookie NBA and NFL players who suddenly fall into huge wealth.;;Ruh roh;;Which means I vestors want more money;;Too little;;We need other companies to step up and fired people to help out with the inflation. Too many jobs option and too many lazy people;;Still needs to cut 30,000 more;;Ruining allot people life‚Äôs unfortunately and iam sure he does not care much about his employees other than his personal ego and wealth.  
Default out Zuc‚Äôs mouth ‚ÄúIam Sorry‚Äù;;[removed];;I do not understand how it is possible that corporations are allowed to announce 40billion in stock buy back but then can also cut 20% of your workforce for cost cutting measures;;10,000 works lay off from which department?;;Bro;;Go WOKE go broke‚Ä¶.;;Bah META. Buncha pompous people that don't do real work. AR/VR is on the way doooown.;;Excellent, more lazy losers with 100K salaries go home. Good for my Meta stocks, already 100% up.;;The fact that Facebook even employed 80K people or the fact that Google employs ~160k both as primarily software companies of baffling to me. It doesn‚Äôt take that much manpower to run a software company (speaking as an engineer who work for a Big Tech company for 5 years in mid 2010s). 

It‚Äôs like no shit they need to lay people off. I‚Äôm surprised google hasn‚Äôt trimmed the fat too. Oh btw these people saying ‚Äòthe best and the brightest‚Äô give me a break, people of dumb people their too. At the end of the day their worth will be determined by the open job market as it should be;;good work Mr. Zuckermen make that stock price go up;;This is good for the economy according to the Feds;;Layoffs are good for lowering inflation. No job- No money- NO SPENDING!!;;Do less with less.  ![gif](emote|free_emotes_pack|sunglasses);;This is karma for him stealing the one good idea that got him rich in the first place. Fuck this weirdo. I hate to see the employees suffer for his sins and failures, though. Getting laid off is such a shitty thing I don‚Äôt want to happen to anybody‚Ä¶except maybe Zuckerberg.;;Wow, so many people seem to think that tech workers are operational costs as if they work at a steel factory or something. 
I agree that a lot of bullshit jobs were created as part of ‚Äúempire building‚Äù and ‚Äúbeing executive management‚Äôs whips‚Äù. But most tech workers were added to support development of new endeavors. Laying them off now means fewer innovation ventures. 
This should be a bearish sign for shareholders, not a bullish one since companies are only focussed on short term cost cutting.;;The layoffs will continue until morale improves;;Who would have thought that fucking the product up (Facebook) so that it just becomes a giant feed of ads would lead to users turning away?;;Okay, anyways‚Ä¶.;;Okay, anyways‚Ä¶.;;They also said they won't fill the 5,000 positions they had open, and it sounds like they're letting go of a lot of recruiters and HR types as a result, which makes sense really.;;Yeah!!! higher interest rates means less spending time to cut, cut and cut‚Ä¶"
16,ValueInvesting,"How ""Meta‚Äôs Year of Efficiency"" will affect the tech industry?",Discussion,"Mark Zuckerberg published a 7-page letter titled ""Meta's Year of Efficiency,"" in which he described the company's new culture and goals.

Highlights - 

* Restructuring plans focused on flattening our orgs, canceling lower priority projects, and reducing our hiring rates. 
* Reduce team size by around 10,000 people and to close around 5,000 additional open roles.
* Flatter is faster - **removing multiple layers of management.** As part of this, we will ask many managers to become individual contributors. 
* Leaner is better - Since we reduced our workforce last year, one surprising result is that many things have gone faster.
* **In-person time helps build relationships** and get more done.
* Another goal for the Year of Efficiency is to improve our business performance given the **new economic reality**.
* This new economic reality will **continue for many years.**
* Most companies will scale back their long term vision and investments.
*  Our **single largest investment is in advancing AI** and building it into every one of our products. 

You can see Elon and Twitter's influence on this letter and this letter will likely further strengthen this trend. Since I invest heavily in tech companies, I'm curious to hear other investors' thoughts on this move. What effect will it have on other companies in the sector and in general?",https://www.reddit.com/r/ValueInvesting/comments/11t4ofl/how_metas_year_of_efficiency_will_affect_the_tech/,"> In-person time helps build relationships and get more done

Ironic for a company that changed its name to focus on VR fantasy garbo :/. Wow.

Not sure I have an answer to your question but just find it hilarious;;I already made 70% on meta this year. It's now fairly priced in my opinion at 500 billion market capitalization. I wouldn't touch it here. I'll be back in later when it drops again.;;It might be the start of tech companies maturing into blue chip companies. They will start caring about traditional metrics like EPS and Profits and be more shareholders oriented. Maybe even starting to pay a dividend and cut significantly on stock compensation. 

For META specifically, I am personally happy as I bought at a discount and I am sittting on some nice profit, but Zuck is a clown and should resign. He renamed the entire company after a fad and is pulling a 180 barely one year after the rebrand. And now he is shilling the word ‚ÄòAI‚Äô already‚Ä¶ with nothing to show for it. The year of efficiency should also include him retiring if you ask me. That by itself would be a boost to the stock.;;The most important thing to understand as a value investor about the current economic environment is that rising rates force companies to become more efficient and productive. 

When rates are low companies, and particularly in tech can afford to hire lots of extra people and sort of have them sitting around not doing much. When the cheap money goes away the companies that pivot and clean out the unproductive workers first will be the ones who continue to post profits.

As a value investor you want to look for the companies that are beaten down in the market but are signaling through their leadership that they are leaning out but not scaling back. I have no love for Meta or Zuckerberg and I personally think the metaverse stuff is silly but I have to give him props that he has been unambiguous in setting the direction of getting rid of the crud so the profitability is still there.;;All this to pursue a metaverse no one needs or wants;;Silicon Valley Bank will have just as great of an impact on the sector.

In general earnings will rise as large tech companies cut costs and become more efficient. Some of this cost cutting will be from headcount reductions while some will be the result of lower compensation and bonus packages. Additional cost cutting will be from leaving non-core businesses. As for efficiency, you'll see more large companies force people back into the office to prevent them from goofing off or working multiple jobs. This pressure on employees will also take the form of keeping the most productive and valuable people while letting weaker hires go; as many of these weaker hires were brought on during the pandemic as a redundancy and insurance against losing employees to competitors or COVID.

The thing to focus on here is stock based comp and adjusted earnings while understanding that low interest rates allowed these large tech firms to compensate employees with stock that was expected to be an important part of their pay package. But now that rates are rising, these share prices won't rise as much, it at all, and will result in either more cash compensation for employees or reduced total compensation.

As it relates to Silicon Valley Bank, it'll be harder for non-public tech companies to finance thier operations towards potential future exits. This will probably result in bankruptcies for the weakest firms and fire sale acquisition prices for some of the better firms. For the best firms, they'll have to take down rounds like Stripe just did in order to get the cash they need for operations. In the case of Stripe, they needed a lot of cash to pay a tax bill due related to stock based compensation.

Eventually the large tech firms will be able to purchase some these firms at reasonable prices and potentially do acqui hires to get the talent they need. This will result in larger companies potentially buying assets that could be their next growth engine in the next bull run.

But regardless of what they do, companies like Apple are going to mean revert in price. And potentially mean revert in revenue as well.;;Let's be real, they're going to be hiring back about 20% as consultants at much higher rates and paying through the nose to staff aug companies to make up the rest.;;It's also a good opportunity for me to share my [portfolio](https://www.jika.io/u/Nadav%20Avrahami). I am seriously considering selling some tech stocks. Would love to hear your input.;;Marketing. we are doing great. Trust me, we are the most efficient company. We are yuge. So efficient. Like no other company.;;So what is Metas in office requirements? How many days a week do they expect employees at the office?"
